date,open,max_v,min_v,close,volume,crypto
2021-04-12,"50.468,83","51.524,51","50.193,07","50.844,76",42.475.196.416,bitcoin
2021-04-11,"50.286,75","51.080,24","49.820,03","50.609,20",38.903.874.523,bitcoin
2021-04-10,"48.949,48","51.489,55","48.768,77","50.242,22",48.935.806.674,bitcoin
2021-04-09,"48.950,57","49.553,62","48.623,29","48.942,11",39.203.438.637,bitcoin
2021-04-08,"47.252,96","48.956,29","47.064,21","48.948,38",44.525.448.347,bitcoin
2021-04-07,"49.003,69","49.448,04","46.868,35","47.210,02",63.716.039.208,bitcoin
2021-04-06,"50.073,36","50.336,08","48.681,75","49.008,61",55.632.948.185,bitcoin
2021-04-05,"49.935,17","50.707,93","49.086,76","49.976,84",51.371.772.183,bitcoin
2021-04-04,"48.986,64","50.099,72","48.610,75","49.933,20",43.127.215.841,bitcoin
2021-04-03,"50.508,41","51.117,23","48.985,83","48.985,83",50.718.462.577,bitcoin
2021-04-02,"50.175,24","51.184,92","50.011,34","50.497,27",49.939.060.095,bitcoin
2021-04-01,"50.247,15","50.761,32","49.843,75","50.172,64",52.357.428.406,bitcoin
2021-03-31,"50.267,82","51.103,47","49.192,61","50.240,56",55.870.132.689,bitcoin
2021-03-30,"49.071,73","50.642,14","48.656,43","50.257,09",46.415.513.387,bitcoin
2021-03-29,"47.469,39","49.509,45","46.820,03","49.071,79",48.965.901.937,bitcoin
2021-03-28,"47.459,64","47.875,45","46.699,70","47.471,80",40.460.013.386,bitcoin
2021-03-27,"46.749,66","47.962,66","45.991,10","47.458,43",40.076.024.963,bitcoin
2021-03-26,"43.889,37","46.749,44","43.801,77","46.749,44",48.033.869.056,bitcoin
2021-03-25,"44.635,41","45.187,79","43.093,26","43.907,33",57.745.645.064,bitcoin
2021-03-24,"46.206,23","48.454,45","44.467,14","44.675,63",59.738.118.759,bitcoin
2021-03-23,"45.684,75","47.231,16","44.838,55","46.230,27",47.662.707.362,bitcoin
2021-03-22,"48.400,56","49.095,93","45.497,93","45.699,41",47.369.105.335,bitcoin
2021-03-21,"48.809,19","49.192,55","46.872,50","48.405,21",43.709.708.070,bitcoin
2021-03-20,"48.827,89","50.250,09","48.728,31","48.812,31",42.156.042.545,bitcoin
2021-03-19,"48.538,95","49.977,86","47.535,96","48.839,94",41.069.651.510,bitcoin
2021-03-18,"49.148,39","50.395,45","45.520,60","48.546,07",46.773.269.733,bitcoin
2021-03-17,"47.744,66","49.206,13","45.834,09","49.129,88",50.287.731.657,bitcoin
2021-03-16,"46.820,77","47.739,87","44.903,38","47.727,08",50.201.362.534,bitcoin
2021-03-15,"49.595,10","50.651,14","46.427,17","46.876,45",55.690.582.652,bitcoin
2021-03-14,"51.217,17","51.532,39","49.624,30","49.624,30",36.736.633.354,bitcoin
2021-03-13,"47.972,38","51.604,29","47.031,56","51.235,54",50.755.954.934,bitcoin
2021-03-12,"48.260,83","48.397,08","46.400,93","47.962,94",46.589.149.629,bitcoin
2021-03-11,"46.931,28","48.472,58","45.614,77","48.247,39",47.385.377.215,bitcoin
2021-03-10,"46.082,16","48.033,21","44.874,66","46.969,33",48.048.644.343,bitcoin
2021-03-09,"44.108,82","46.082,25","43.888,00","46.082,25",42.794.119.992,bitcoin
2021-03-08,"42.908,68","44.139,58","41.620,09","44.086,50",41.007.335.943,bitcoin
2021-03-07,"41.052,61","43.084,97","41.052,61","42.935,99",36.170.069.489,bitcoin
2021-03-06,"41.052,96","41.244,39","39.658,56","41.047,32",28.837.937.827,bitcoin
2021-03-05,"40.550,01","41.470,57","38.919,18","41.076,53",40.823.509.587,bitcoin
2021-03-04,"41.939,57","42.899,51","39.813,22","40.578,54",43.739.383.062,bitcoin
2021-03-03,"40.063,17","43.555,67","39.945,79","41.952,80",44.179.660.436,bitcoin
2021-03-02,"41.176,31","41.606,48","39.066,09","40.032,70",39.330.914.776,bitcoin
2021-03-01,"37.350,48","41.319,69","37.313,16","41.192,19",44.727.892.898,bitcoin
2021-02-28,"38.265,09","38.697,84","35.819,45","37.332,50",44.202.316.989,bitcoin
2021-02-27,"38.390,06","39.970,89","37.498,87","38.260,48",38.030.607.901,bitcoin
2021-02-26,"38.806,40","40.021,41","36.636,48","38.385,91",290.727.102.068,bitcoin
2021-02-25,"40.847,49","42.492,49","38.735,16","38.735,16",44.832.195.559,bitcoin
2021-02-24,"40.190,11","42.211,42","38.837,59","40.844,41",52.340.584.486,bitcoin
2021-02-23,"44.561,28","44.561,28","37.269,81","40.181,33",87.319.805.134,bitcoin
2021-02-22,"47.450,18","47.461,77","40.337,86","44.563,24",75.675.282.178,bitcoin
2021-02-21,"46.267,89","48.134,50","45.941,15","47.456,13",42.802.585.284,bitcoin
2021-02-20,"46.118,34","47.453,43","45.077,95","46.293,44",56.233.769.904,bitcoin
2021-02-19,"42.736,29","46.308,13","42.149,53","46.119,00",52.396.611.048,bitcoin
2021-02-18,"43.286,50","43.561,96","42.287,22","42.739,45",43.049.516.673,bitcoin
2021-02-17,"40.706,87","43.628,31","40.604,15","43.293,17",67.095.762.025,bitcoin
2021-02-16,"39.518,32","41.385,67","38.881,41","40.700,74",63.739.498.591,bitcoin
2021-02-15,"40.176,93","40.319,02","38.210,53","39.518,81",63.525.021.825,bitcoin
2021-02-14,"38.871,78","40.829,73","38.871,78","40.194,05",58.783.505.751,bitcoin
2021-02-13,"39.183,66","39.641,74","38.275,91","38.864,36",57.960.068.600,bitcoin
2021-02-12,"39.467,82","40.177,79","38.387,75","39.194,92",63.163.420.949,bitcoin
2021-02-11,"37.048,98","39.940,25","36.473,29","39.494,44",67.093.600.562,bitcoin
2021-02-10,"38.352,93","38.880,10","36.177,20","37.065,05",72.038.065.748,bitcoin
2021-02-09,"38.320,15","39.742,19","37.317,62","38.362,30",75.773.512.740,bitcoin
2021-02-08,"32.274,86","38.335,86","31.629,58","38.329,67",84.188.369.335,bitcoin
2021-02-07,"32.575,34","32.883,79","31.078,10","32.288,65",54.363.501.629,bitcoin
2021-02-06,"31.653,34","33.900,22","31.653,34","32.588,47",59.196.399.696,bitcoin
2021-02-05,"30.864,14","31.829,68","30.629,39","31.658,25",48.634.051.191,bitcoin
2021-02-04,"31.121,95","32.148,94","30.341,82","30.859,55",57.528.804.826,bitcoin
2021-02-03,"29.501,96","31.129,62","29.442,22","31.119,45",50.797.207.476,bitcoin
2021-02-02,"27.787,29","29.868,90","27.758,38","29.501,52",52.413.239.715,bitcoin
2021-02-01,"27.316,28","28.640,81","26.701,19","27.790,58",50.879.442.007,bitcoin
2021-01-31,"28.235,54","28.249,92","26.587,17","27.316,10",43.517.327.759,bitcoin
2021-01-30,"28.255,70","28.700,07","27.139,19","28.234,42",53.669.896.754,bitcoin
2021-01-29,"28.312,97","31.619,61","26.499,84","28.272,55",97.130.862.506,bitcoin
2021-01-28,"25.151,76","26.367,98","24.827,54","26.110,99",65.132.391.850,bitcoin
2021-01-27,"26.770,89","26.770,89","24.326,74","25.144,74",51.703.736.731,bitcoin
2021-01-26,"26.648,19","26.962,83","25.522,39","26.775,67",49.535.981.991,bitcoin
2021-01-25,"26.535,15","28.648,33","26.428,95","26.654,60",49.326.841.880,bitcoin
2021-01-24,"26.337,33","27.059,85","25.550,69","26.538,09",39.979.537.424,bitcoin
2021-01-23,"27.099,71","27.402,34","25.868,13","26.340,01",39.718.049.871,bitcoin
2021-01-22,"25.331,87","27.783,74","23.802,71","27.116,15",63.430.252.390,bitcoin
2021-01-21,"29.344,04","29.349,66","24.863,67","25.338,51",62.178.072.138,bitcoin
2021-01-20,"29.697,43","29.955,81","27.749,53","29.342,68",55.168.197.409,bitcoin
2021-01-19,"30.339,00","31.129,62","29.713,66","29.713,66",47.156.737.845,bitcoin
2021-01-18,"29.662,53","30.927,67","28.899,03","30.328,93",40.994.649.866,bitcoin
2021-01-17,"29.938,04","30.384,22","28.204,25","29.661,73",43.392.810.402,bitcoin
2021-01-16,"30.482,77","31.345,98","29.509,46","29.950,04",47.772.009.926,bitcoin
2021-01-15,"32.225,66","32.558,05","28.660,19","30.485,84",56.095.675.651,bitcoin
2021-01-14,"30.690,12","32.956,90","30.354,29","32.250,86",52.355.450.869,bitcoin
2021-01-13,"27.779,81","30.918,48","26.690,49","30.682,93",57.033.976.442,bitcoin
2021-01-12,"29.205,85","30.067,74","26.899,25","27.786,23",61.246.642.389,bitcoin
2021-01-11,"31.464,55","31.464,55","25.108,53","29.247,21",101.409.092.304,bitcoin
2021-01-10,"32.927,79","33.881,55","29.440,86","31.472,69",65.626.762.864,bitcoin
2021-01-09,"33.364,95","33.894,77","31.886,20","32.928,06",50.702.797.264,bitcoin
2021-01-08,"32.098,19","34.261,72","30.048,32","33.372,28",72.071.598.504,bitcoin
2021-01-07,"29.852,57","32.748,25","29.653,54","32.089,45",69.085.552.572,bitcoin
2021-01-06,"27.656,71","29.889,71","27.254,72","29.844,86",61.019.450.973,bitcoin
2021-01-05,"26.098,19","28.009,37","24.633,17","27.639,48",54.923.202.611,bitcoin
2021-01-04,"26.784,33","27.294,24","23.363,98","26.094,01",66.241.895.056,bitcoin
2021-01-03,"26.476,66","28.519,63","26.413,13","26.760,72",64.216.240.796,bitcoin
2021-04-12,"1.811,16","1.849,80","1.785,76","1.813,19",17.512.376.320,ethereum
2021-04-11,"1.794,94","1.820,25","1.781,25","1.813,76",16.554.093.445,ethereum
2021-04-10,"1.740,31","1.846,09","1.733,32","1.794,76",20.995.090.974,ethereum
2021-04-09,"1.753,00","1.768,92","1.727,72","1.741,15",16.648.024.049,ethereum
2021-04-08,"1.658,60","1.755,14","1.650,04","1.752,84",21.243.898.767,ethereum
2021-04-07,"1.783,52","1.797,02","1.639,80","1.660,24",30.420.735.851,ethereum
2021-04-06,"1.785,13","1.820,98","1.737,10","1.784,06",24.611.000.856,ethereum
2021-04-05,"1.778,86","1.812,70","1.729,16","1.783,77",24.447.213.937,ethereum
2021-04-04,"1.724,31","1.794,63","1.706,83","1.778,74",22.100.403.336,ethereum
2021-04-03,"1.822,21","1.823,96","1.724,95","1.724,95",27.222.307.544,ethereum
2021-04-02,"1.678,43","1.830,43","1.665,66","1.822,49",29.645.231.660,ethereum
2021-04-01,"1.636,48","1.689,15","1.624,91","1.678,72",26.246.361.138,ethereum
2021-03-31,"1.574,73","1.660,74","1.527,94","1.635,80",25.774.721.680,ethereum
2021-03-30,"1.546,05","1.587,93","1.524,34","1.574,68",19.203.515.357,ethereum
2021-03-29,"1.434,96","1.560,25","1.429,55","1.546,23",19.370.815.909,ethereum
2021-03-28,"1.455,29","1.461,87","1.418,47","1.435,04",14.083.939.010,ethereum
2021-03-27,"1.443,96","1.469,21","1.419,61","1.455,37",15.348.432.509,ethereum
2021-03-26,"1.354,66","1.443,86","1.354,04","1.443,79",19.118.278.371,ethereum
2021-03-25,"1.348,65","1.376,17","1.320,24","1.354,78",25.179.148.083,ethereum
2021-03-24,"1.417,17","1.471,45","1.330,01","1.348,89",26.435.857.150,ethereum
2021-03-23,"1.417,07","1.455,36","1.393,87","1.417,72",18.578.809.858,ethereum
2021-03-22,"1.504,88","1.521,56","1.402,99","1.417,46",19.777.932.905,ethereum
2021-03-21,"1.517,27","1.526,27","1.476,45","1.504,76",19.335.187.282,ethereum
2021-03-20,"1.521,38","1.569,25","1.516,53","1.517,29",18.982.687.999,ethereum
2021-03-19,"1.495,65","1.546,61","1.465,66","1.521,47",17.787.043.388,ethereum
2021-03-18,"1.521,49","1.544,56","1.430,53","1.495,89",19.519.343.459,ethereum
2021-03-17,"1.518,28","1.535,83","1.470,14","1.521,73",20.456.911.992,ethereum
2021-03-16,"1.502,88","1.523,70","1.442,18","1.518,21",20.020.546.958,ethereum
2021-03-15,"1.551,50","1.580,58","1.466,95","1.502,29",22.005.399.905,ethereum
2021-03-14,"1.609,49","1.615,28","1.543,52","1.551,90",16.187.590.941,ethereum
2021-03-13,"1.482,56","1.621,02","1.450,35","1.610,18",20.927.114.112,ethereum
2021-03-12,"1.524,54","1.535,03","1.448,74","1.482,51",18.769.381.829,ethereum
2021-03-11,"1.507,85","1.538,38","1.452,23","1.524,24",20.042.705.462,ethereum
2021-03-10,"1.570,55","1.576,01","1.487,01","1.508,80",21.094.541.175,ethereum
2021-03-09,"1.548,53","1.570,18","1.517,42","1.570,18",19.720.278.687,ethereum
2021-03-08,"1.445,74","1.548,43","1.404,99","1.548,17",23.315.500.066,ethereum
2021-03-07,"1.389,21","1.451,64","1.373,45","1.444,84",19.964.249.882,ethereum
2021-03-06,"1.286,49","1.400,72","1.274,86","1.388,66",19.088.686.124,ethereum
2021-03-05,"1.288,14","1.298,98","1.216,31","1.287,25",17.686.754.673,ethereum
2021-03-04,"1.307,13","1.345,68","1.262,40","1.288,45",19.140.742.204,ethereum
2021-03-03,"1.234,15","1.367,74","1.226,24","1.308,15",18.822.788.938,ethereum
2021-03-02,"1.298,12","1.326,04","1.208,97","1.235,11",18.637.908.745,ethereum
2021-03-01,"1.172,10","1.301,15","1.171,47","1.298,65",19.946.414.926,ethereum
2021-02-28,"1.209,28","1.216,35","1.077,25","1.171,18",22.858.003.893,ethereum
2021-02-27,"1.198,58","1.263,19","1.187,69","1.209,38",17.181.845.666,ethereum
2021-02-26,"1.216,21","1.289,92","1.160,55","1.197,83",26.040.260.332,ethereum
2021-02-25,"1.335,64","1.366,19","1.204,91","1.213,78",20.136.428.157,ethereum
2021-02-24,"1.293,29","1.406,87","1.242,96","1.336,61",25.744.010.941,ethereum
2021-02-23,"1.464,48","1.464,48","1.134,73","1.292,24",42.819.329.942,ethereum
2021-02-22,"1.596,35","1.597,09","1.302,07","1.464,96",34.864.503.500,ethereum
2021-02-21,"1.583,29","1.629,16","1.559,94","1.596,39",19.486.018.857,ethereum
2021-02-20,"1.617,32","1.680,35","1.510,56","1.584,00",28.631.283.770,ethereum
2021-02-19,"1.603,45","1.626,26","1.569,31","1.617,53",21.677.078.059,ethereum
2021-02-18,"1.534,35","1.612,24","1.534,35","1.602,28",23.367.773.035,ethereum
2021-02-17,"1.473,63","1.539,45","1.436,23","1.534,56",29.849.536.429,ethereum
2021-02-16,"1.466,30","1.501,99","1.428,07","1.473,39",28.349.438.535,ethereum
2021-02-15,"1.488,94","1.511,75","1.388,21","1.467,00",32.109.240.182,ethereum
2021-02-14,"1.496,95","1.524,82","1.476,77","1.489,28",25.938.747.431,ethereum
2021-02-13,"1.521,42","1.544,16","1.460,84","1.496,73",29.173.312.306,ethereum
2021-02-12,"1.470,23","1.535,75","1.438,83","1.521,05",31.274.384.576,ethereum
2021-02-11,"1.438,86","1.487,38","1.410,37","1.470,49",29.694.607.791,ethereum
2021-02-10,"1.459,22","1.506,32","1.390,45","1.439,29",34.587.811.712,ethereum
2021-02-09,"1.449,44","1.500,76","1.419,05","1.459,21",36.463.724.032,ethereum
2021-02-08,"1.339,27","1.469,78","1.305,92","1.449,19",39.836.273.780,ethereum
2021-02-07,"1.392,31","1.402,63","1.246,36","1.339,76",33.106.998.753,ethereum
2021-02-06,"1.425,70","1.442,70","1.368,63","1.392,51",33.092.586.606,ethereum
2021-02-05,"1.332,79","1.460,47","1.332,79","1.426,41",33.288.557.271,ethereum
2021-02-04,"1.379,55","1.403,35","1.304,58","1.332,76",37.102.998.556,ethereum
2021-02-03,"1.258,45","1.379,34","1.253,45","1.379,34",34.775.571.158,ethereum
2021-02-02,"1.134,84","1.281,18","1.127,90","1.258,80",37.748.632.993,ethereum
2021-02-01,"1.084,63","1.138,43","1.050,72","1.134,46",24.205.422.458,ethereum
2021-01-31,"1.134,36","1.136,08","1.061,59","1.084,73",20.786.584.717,ethereum
2021-01-30,"1.138,79","1.155,43","1.094,57","1.133,77",25.224.781.196,ethereum
2021-01-29,"1.129,50","1.175,66","1.068,08","1.139,03",44.169.764.087,ethereum
2021-01-28,"1.033,86","1.092,64","1.013,98","1.070,94",32.827.227.182,ethereum
2021-01-27,"1.116,69","1.124,61","1.007,44","1.035,44",32.549.440.066,ethereum
2021-01-26,"1.090,14","1.133,01","1.030,88","1.115,64",34.177.095.683,ethereum
2021-01-25,"1.142,94","1.206,05","1.074,84","1.090,69",35.877.594.249,ethereum
2021-01-24,"1.011,30","1.146,54","1.006,43","1.143,74",29.931.469.516,ethereum
2021-01-23,"1.014,84","1.044,93","986,40","1.011,12",22.386.049.923,ethereum
2021-01-22,"919,72","1.045,04","860,41","1.015,87",36.081.462.347,ethereum
2021-01-21,"1.141,33","1.141,33","902,86","921,92",37.756.164.501,ethereum
2021-01-20,"1.132,90","1.157,56","1.026,27","1.140,99",38.617.597.610,ethereum
2021-01-19,"1.041,13","1.180,93","1.037,73","1.134,59",38.879.161.883,ethereum
2021-01-18,"1.019,61","1.042,89","983,48","1.041,00",21.376.311.037,ethereum
2021-01-17,"1.021,11","1.047,75","972,22","1.019,50",24.247.360.635,ethereum
2021-01-16,"969,78","1.067,97","958,34","1.021,18",26.755.450.645,ethereum
2021-01-15,"1.005,60","1.028,71","901,77","970,10",29.779.416.770,ethereum
2021-01-14,"929,32","1.024,28","900,03","1.002,78",27.496.916.522,ethereum
2021-01-13,"854,93","933,08","814,67","929,74",24.757.415.808,ethereum
2021-01-12,"895,12","945,14","833,16","854,68",30.711.753.256,ethereum
2021-01-11,"1.035,20","1.035,20","760,54","896,45",49.942.539.602,ethereum
2021-01-10,"1.047,75","1.102,60","977,46","1.035,71",33.327.497.414,ethereum
2021-01-09,"1.001,01","1.066,56","967,09","1.047,92",27.184.547.253,ethereum
2021-01-08,"999,23","1.039,96","877,73","1.001,39",36.265.710.874,ethereum
2021-01-07,"979,11","1.045,34","948,69","998,99",32.983.546.570,ethereum
2021-01-06,"895,23","980,20","866,37","978,32",36.227.715.953,ethereum
2021-01-05,"850,02","921,52","804,11","894,42",33.773.157.696,ethereum
2021-01-04,"797,60","941,32","742,10","848,99",46.476.694.064,ethereum
2021-01-03,"638,25","821,88","635,82","796,33",36.898.177.858,ethereum
2021-04-12,"577,22","588,12","563,67","573,99",2.469.639.936,bitcoincash
2021-04-11,"568,76","603,81","567,63","585,58",3.219.802.268,bitcoincash
2021-04-10,"533,96","576,01","529,65","566,30",2.763.495.037,bitcoincash
2021-04-09,"543,49","546,82","530,37","534,17",2.184.163.400,bitcoincash
2021-04-08,"521,43","543,49","516,95","543,47",2.853.692.444,bitcoincash
2021-04-07,"562,04","587,24","506,10","521,04",5.538.567.412,bitcoincash
2021-04-06,"549,27","573,07","528,60","562,37",4.719.904.957,bitcoincash
2021-04-05,"481,53","548,84","477,78","548,84",4.164.288.206,bitcoincash
2021-04-04,"456,30","483,27","452,45","481,42",1.880.326.452,bitcoincash
2021-04-03,"498,01","508,97","456,38","456,39",2.711.436.660,bitcoincash
2021-04-02,"476,79","512,05","468,80","498,05",2.950.570.365,bitcoincash
2021-04-01,"463,24","478,68","454,90","476,85",2.777.494.987,bitcoincash
2021-03-31,"450,19","465,87","434,21","463,22",2.642.220.634,bitcoincash
2021-03-30,"442,38","457,56","437,46","450,13",1.756.420.720,bitcoincash
2021-03-29,"425,02","446,38","421,23","442,40",1.794.648.423,bitcoincash
2021-03-28,"427,04","431,00","419,09","425,08",1.636.683.662,bitcoincash
2021-03-27,"431,58","434,22","415,96","427,04",1.531.797.893,bitcoincash
2021-03-26,"406,10","432,63","403,55","431,58",1.903.330.717,bitcoincash
2021-03-25,"406,36","412,39","389,91","406,17",2.062.403.412,bitcoincash
2021-03-24,"435,94","450,17","390,85","406,44",2.153.960.129,bitcoincash
2021-03-23,"430,27","449,78","428,56","436,01",2.375.517.284,bitcoincash
2021-03-22,"443,13","453,32","429,05","430,22",2.129.621.223,bitcoincash
2021-03-21,"451,28","457,21","433,64","443,09",1.635.795.179,bitcoincash
2021-03-20,"447,90","463,34","446,11","451,29",1.680.401.235,bitcoincash
2021-03-19,"444,44","462,31","436,20","447,95",1.889.389.024,bitcoincash
2021-03-18,"451,38","458,04","440,89","444,49",2.082.643.595,bitcoincash
2021-03-17,"443,78","451,36","431,80","451,36",2.218.738.584,bitcoincash
2021-03-16,"439,27","451,16","423,82","443,76",2.929.873.849,bitcoincash
2021-03-15,"466,58","474,93","435,99","439,30",3.242.646.890,bitcoincash
2021-03-14,"498,68","503,15","466,73","466,73",3.214.450.659,bitcoincash
2021-03-13,"451,12","507,87","437,49","498,81",3.844.990.636,bitcoincash
2021-03-12,"458,91","469,24","431,94","451,10",3.360.743.965,bitcoincash
2021-03-11,"458,47","471,52","445,41","458,88",3.424.566.101,bitcoincash
2021-03-10,"458,12","475,59","437,31","458,59",3.305.888.133,bitcoincash
2021-03-09,"446,39","460,78","442,92","458,12",2.334.555.866,bitcoincash
2021-03-08,"432,81","446,38","423,15","446,38",2.356.314.676,bitcoincash
2021-03-07,"420,63","434,35","420,27","432,80",1.891.921.121,bitcoincash
2021-03-06,"418,86","423,85","406,19","420,62",1.952.380.434,bitcoincash
2021-03-05,"423,50","423,50","398,18","418,92",2.593.315.676,bitcoincash
2021-03-04,"434,56","446,21","413,47","423,55",3.105.023.199,bitcoincash
2021-03-03,"427,84","459,88","424,26","434,63",3.084.412.088,bitcoincash
2021-03-02,"415,68","456,55","411,09","427,82",3.910.000.785,bitcoincash
2021-03-01,"380,42","419,82","379,43","415,77",3.024.362.791,bitcoincash
2021-02-28,"400,69","401,94","361,78","380,39",3.788.593.313,bitcoincash
2021-02-27,"401,41","415,23","393,56","400,71",3.022.471.550,bitcoincash
2021-02-26,"409,04","419,18","379,50","401,35",4.321.780.576,bitcoincash
2021-02-25,"433,08","454,21","408,72","408,72",3.908.928.676,bitcoincash
2021-02-24,"422,65","456,99","410,29","433,09",4.724.940.571,bitcoincash
2021-02-23,"518,11","518,29","343,43","422,34",6.831.361.078,bitcoincash
2021-02-22,"583,53","584,36","449,08","518,20",6.119.695.420,bitcoincash
2021-02-21,"562,68","606,80","551,76","583,59",4.428.216.408,bitcoincash
2021-02-20,"594,73","617,89","526,15","562,94",5.360.368.382,bitcoincash
2021-02-19,"583,87","609,96","566,65","594,82",4.333.407.206,bitcoincash
2021-02-18,"594,96","603,91","573,91","583,86",3.547.295.290,bitcoincash
2021-02-17,"585,12","602,99","561,35","594,99",7.278.787.914,bitcoincash
2021-02-16,"586,98","612,13","555,56","585,11",8.883.992.492,bitcoincash
2021-02-15,"597,25","632,68","513,40","587,22",12.630.274.751,bitcoincash
2021-02-14,"547,79","614,20","538,70","597,35",12.106.075.326,bitcoincash
2021-02-13,"476,52","548,64","450,68","547,57",8.946.548.191,bitcoincash
2021-02-12,"436,58","476,97","424,30","476,57",6.176.927.809,bitcoincash
2021-02-11,"408,35","443,65","405,33","436,69",5.586.132.531,bitcoincash
2021-02-10,"423,76","439,36","388,74","408,43",6.406.483.695,bitcoincash
2021-02-09,"401,32","426,27","392,88","423,83",6.080.225.654,bitcoincash
2021-02-08,"369,40","403,26","363,18","401,33",5.119.258.016,bitcoincash
2021-02-07,"379,78","384,08","357,14","369,48",4.638.247.505,bitcoincash
2021-02-06,"370,58","405,34","369,48","379,81",6.121.833.787,bitcoincash
2021-02-05,"351,66","371,63","350,43","370,54",3.445.944.268,bitcoincash
2021-02-04,"369,47","377,05","345,83","351,68",4.028.234.608,bitcoincash
2021-02-03,"357,36","372,69","357,36","369,43",4.083.307.165,bitcoincash
2021-02-02,"343,09","360,47","340,26","357,36",3.972.896.352,bitcoincash
2021-02-01,"329,76","366,15","321,93","343,08",4.514.268.703,bitcoincash
2021-01-31,"341,95","342,88","322,75","329,77",3.051.328.676,bitcoincash
2021-01-30,"335,70","343,72","323,74","341,87",4.146.652.278,bitcoincash
2021-01-29,"341,91","355,92","324,27","335,73",6.396.197.687,bitcoincash
2021-01-28,"312,36","328,84","307,88","323,23",4.812.251.709,bitcoincash
2021-01-27,"351,88","352,14","307,63","312,35",5.357.961.653,bitcoincash
2021-01-26,"357,19","360,86","341,43","351,90",4.562.327.289,bitcoincash
2021-01-25,"361,67","382,05","356,37","357,25",4.256.758.354,bitcoincash
2021-01-24,"354,40","368,58","348,27","361,71",3.180.630.334,bitcoincash
2021-01-23,"362,53","364,56","345,07","354,43",3.345.574.974,bitcoincash
2021-01-22,"344,80","369,81","325,35","362,74",4.715.093.373,bitcoincash
2021-01-21,"412,13","412,13","335,20","344,90",5.194.134.034,bitcoincash
2021-01-20,"420,80","426,25","391,17","412,16",5.038.162.827,bitcoincash
2021-01-19,"422,60","450,90","416,76","421,01",5.284.940.240,bitcoincash
2021-01-18,"396,81","425,39","390,00","422,61",3.721.895.444,bitcoincash
2021-01-17,"406,45","409,90","383,82","396,78",3.841.791.696,bitcoincash
2021-01-16,"407,72","425,04","393,77","406,46",5.218.383.967,bitcoincash
2021-01-15,"433,29","438,99","378,33","407,79",6.009.147.003,bitcoincash
2021-01-14,"407,67","442,53","400,00","433,16",5.767.648.083,bitcoincash
2021-01-13,"368,91","411,00","358,82","407,65",5.753.617.439,bitcoincash
2021-01-12,"394,12","419,92","367,00","368,82",7.367.639.815,bitcoincash
2021-01-11,"495,38","495,38","334,69","394,37",12.545.488.121,bitcoincash
2021-01-10,"469,84","515,17","456,31","495,27",15.320.140.290,bitcoincash
2021-01-09,"360,72","480,89","343,85","469,46",9.799.646.227,bitcoincash
2021-01-08,"366,44","370,34","333,90","360,78",6.858.223.560,bitcoincash
2021-01-07,"368,33","393,60","352,63","366,42",6.614.606.773,bitcoincash
2021-01-06,"341,35","372,15","336,53","368,34",5.269.131.324,bitcoincash
2021-01-05,"332,96","347,91","320,98","341,32",5.257.343.678,bitcoincash
2021-01-04,"344,54","377,29","315,54","332,94",7.016.861.510,bitcoincash
2021-01-03,"292,25","353,57","292,25","344,32",5.937.217.755,bitcoincash
2021-04-12,"362,87","368,96","350,19","359,62",189.517.376,kusama
2021-04-11,"376,97","378,59","364,51","369,34",151.759.531,kusama
2021-04-10,"380,01","387,84","370,29","376,81",193.380.257,kusama
2021-04-09,"386,82","391,52","372,22","379,83",195.957.291,kusama
2021-04-08,"360,61","392,19","357,47","386,95",290.765.121,kusama
2021-04-07,"371,72","394,97","321,56","359,98",421.002.826,kusama
2021-04-06,"390,59","397,14","363,77","371,20",303.144.341,kusama
2021-04-05,"380,62","404,31","365,56","391,09",294.173.317,kusama
2021-04-04,"374,63","389,57","368,48","381,29",245.638.197,kusama
2021-04-03,"382,69","422,30","362,25","373,95",432.592.545,kusama
2021-04-02,"393,77","394,80","358,83","383,00",462.618.841,kusama
2021-04-01,"423,24","432,50","384,56","393,91",537.027.504,kusama
2021-03-31,"461,30","476,06","406,99","424,19",468.941.600,kusama
2021-03-30,"465,55","471,70","443,32","461,14",339.507.950,kusama
2021-03-29,"434,36","480,91","431,75","465,57",488.098.737,kusama
2021-03-28,"398,17","441,02","397,34","435,10",354.328.723,kusama
2021-03-27,"385,14","427,87","380,78","400,11",471.886.944,kusama
2021-03-26,"349,79","385,11","345,78","385,11",303.301.841,kusama
2021-03-25,"359,17","367,16","316,95","350,47",481.393.720,kusama
2021-03-24,"357,35","412,98","352,43","359,79",402.009.670,kusama
2021-03-23,"367,72","379,84","352,66","357,42",298.304.622,kusama
2021-03-22,"337,06","384,86","335,33","367,74",346.460.592,kusama
2021-03-21,"326,99","347,29","320,84","336,88",233.588.341,kusama
2021-03-20,"322,22","343,94","318,97","326,75",207.516.428,kusama
2021-03-19,"308,56","353,24","300,72","322,10",305.980.741,kusama
2021-03-18,"289,01","326,74","287,93","308,91",355.762.369,kusama
2021-03-17,"267,57","290,17","261,27","289,46",194.823.736,kusama
2021-03-16,"260,32","280,43","245,60","267,47",217.739.727,kusama
2021-03-15,"252,10","271,47","235,27","260,69",221.922.064,kusama
2021-03-14,"262,44","268,50","252,25","252,33",132.560.138,kusama
2021-03-13,"263,74","269,42","253,04","262,53",170.707.211,kusama
2021-03-12,"274,95","280,04","252,46","263,71",203.903.466,kusama
2021-03-11,"254,54","286,31","233,67","274,45",250.715.551,kusama
2021-03-10,"243,00","266,22","226,44","255,18",297.372.706,kusama
2021-03-09,"205,44","249,04","201,98","242,74",241.828.407,kusama
2021-03-08,"196,34","205,33","188,53","205,33",123.644.880,kusama
2021-03-07,"192,42","200,66","189,80","196,41",105.058.812,kusama
2021-03-06,"191,50","193,38","181,94","192,43",111.823.883,kusama
2021-03-05,"196,18","196,18","177,61","191,48",150.136.275,kusama
2021-03-04,"203,61","210,73","193,55","196,33",145.674.857,kusama
2021-03-03,"199,49","213,38","198,93","203,71",158.640.018,kusama
2021-03-02,"189,38","202,90","182,01","199,47",164.694.284,kusama
2021-03-01,"175,83","191,03","174,02","189,36",162.312.194,kusama
2021-02-28,"189,27","193,37","162,34","175,76",202.786.464,kusama
2021-02-27,"179,14","197,33","179,09","188,95",161.989.879,kusama
2021-02-26,"185,29","190,38","164,10","179,06",227.606.967,kusama
2021-02-25,"199,64","210,85","183,96","184,92",208.081.041,kusama
2021-02-24,"196,94","221,42","186,19","199,78",272.788.885,kusama
2021-02-23,"223,95","232,31","174,46","196,57",522.684.352,kusama
2021-02-22,"185,07","244,01","160,25","224,49",587.089.172,kusama
2021-02-21,"184,22","194,70","179,23","185,15",145.605.742,kusama
2021-02-20,"185,72","202,63","174,21","185,17",286.273.640,kusama
2021-02-19,"185,20","198,56","171,50","185,97",234.060.322,kusama
2021-02-18,"199,88","199,96","181,45","185,44",171.737.202,kusama
2021-02-17,"172,70","201,46","162,00","199,91",319.544.402,kusama
2021-02-16,"156,35","186,89","155,56","172,53",295.476.562,kusama
2021-02-15,"131,07","179,97","114,97","157,07",436.885.627,kusama
2021-02-14,"133,44","135,01","122,01","131,20",134.173.176,kusama
2021-02-13,"127,11","139,45","126,58","133,49",170.950.218,kusama
2021-02-12,"117,57","131,62","113,70","127,10",142.005.508,kusama
2021-02-11,"106,56","121,15","105,08","117,67",146.164.153,kusama
2021-02-10,"107,96","113,04","101,71","106,56",120.323.703,kusama
2021-02-09,"111,41","114,62","104,81","107,95",127.443.982,kusama
2021-02-08,"95,62","113,35","93,40","111,77",149.647.771,kusama
2021-02-07,"93,57","95,54","83,81","95,50",105.772.942,kusama
2021-02-06,"100,51","102,74","92,91","93,55",104.098.750,kusama
2021-02-05,"96,70","102,17","96,08","100,46",123.605.929,kusama
2021-02-04,"99,54","102,68","91,98","96,70",127.341.781,kusama
2021-02-03,"87,62","101,48","87,41","99,55",138.211.894,kusama
2021-02-02,"83,58","89,40","81,15","87,64",93.471.692,kusama
2021-02-01,"81,00","84,06","78,91","83,55",74.718.339,kusama
2021-01-31,"83,50","87,27","79,77","81,00",73.205.534,kusama
2021-01-30,"87,99","88,48","81,99","83,50",81.072.960,kusama
2021-01-29,"92,90","94,86","84,17","87,99",103.200.631,kusama
2021-01-28,"78,88","93,24","77,96","92,31",98.713.301,kusama
2021-01-27,"83,71","83,83","75,08","78,87",75.395.925,kusama
2021-01-26,"81,58","84,32","76,97","83,72",78.635.641,kusama
2021-01-25,"85,52","89,72","81,00","81,68",82.875.989,kusama
2021-01-24,"88,31","91,85","82,81","85,54",83.725.663,kusama
2021-01-23,"85,35","92,20","83,60","88,30",93.963.211,kusama
2021-01-22,"76,52","86,31","70,54","85,45",116.312.443,kusama
2021-01-21,"87,58","87,77","76,56","76,56",113.906.775,kusama
2021-01-20,"83,85","88,73","74,39","87,56",119.621.691,kusama
2021-01-19,"90,53","90,88","82,02","83,96",100.700.269,kusama
2021-01-18,"84,94","99,82","84,94","90,49",178.388.818,kusama
2021-01-17,"85,50","90,76","75,18","85,00",150.526.922,kusama
2021-01-16,"69,16","89,89","67,90","85,47",168.747.651,kusama
2021-01-15,"72,57","73,00","61,73","69,14",113.796.325,kusama
2021-01-14,"63,15","72,62","62,94","72,43",111.246.283,kusama
2021-01-13,"51,19","64,17","49,90","63,15",122.187.862,kusama
2021-01-12,"53,01","55,62","51,18","51,19",67.096.779,kusama
2021-01-11,"58,45","58,47","47,98","53,05",111.248.979,kusama
2021-01-10,"56,56","61,02","54,16","58,48",90.665.837,kusama
2021-01-09,"56,33","57,48","54,54","56,54",62.834.228,kusama
2021-01-08,"56,17","58,46","52,65","56,35",74.851.830,kusama
2021-01-07,"60,87","61,71","55,09","56,15",93.359.971,kusama
2021-01-06,"55,17","61,28","53,37","60,88",100.312.168,kusama
2021-01-05,"55,74","57,67","50,68","55,13",83.020.309,kusama
2021-01-04,"59,30","60,67","50,01","55,71",110.071.914,kusama
2021-01-03,"56,83","60,42","55,20","59,24",86.448.546,kusama
2021-04-12,"473,94","533,57","433,95","485,96",11.100.793.856,binance_coin
2021-04-11,"396,31","445,08","386,18","441,65",4.789.339.155,binance_coin
2021-04-10,"381,78","409,45","379,26","397,08",5.176.601.872,binance_coin
2021-04-09,"350,85","381,23","340,57","380,80",3.950.303.340,binance_coin
2021-04-08,"316,93","354,61","313,75","350,84",3.818.853.175,binance_coin
2021-04-07,"339,99","349,18","301,65","315,58",5.033.890.427,binance_coin
2021-04-06,"311,50","347,23","308,32","339,90",4.444.577.176,binance_coin
2021-04-05,"298,49","322,58","288,81","311,22",3.446.755.751,binance_coin
2021-04-04,"274,98","300,62","272,00","298,81",2.719.942.746,binance_coin
2021-04-03,"288,19","297,32","271,41","274,79",2.511.344.809,binance_coin
2021-04-02,"284,49","302,87","280,32","288,27",3.359.316.265,binance_coin
2021-04-01,"257,73","287,97","257,18","284,60",3.157.175.890,binance_coin
2021-03-31,"265,75","269,96","246,28","257,57",3.023.270.600,binance_coin
2021-03-30,"233,88","265,65","230,73","265,65",3.445.816.664,binance_coin
2021-03-29,"228,21","235,80","225,31","233,86",1.756.762.813,binance_coin
2021-03-28,"228,34","238,25","222,42","228,40",2.144.171.378,binance_coin
2021-03-27,"216,31","233,67","212,39","228,16",2.083.783.167,binance_coin
2021-03-26,"199,39","216,30","199,39","216,30",1.779.927.454,binance_coin
2021-03-25,"211,18","211,73","192,54","199,47",1.965.679.135,binance_coin
2021-03-24,"216,12","227,30","205,94","211,51",2.019.640.075,binance_coin
2021-03-23,"214,50","221,66","212,12","215,95",1.697.975.852,binance_coin
2021-03-22,"223,05","231,90","213,86","214,46",1.947.607.454,binance_coin
2021-03-21,"221,79","225,07","215,52","222,90",1.446.149.021,binance_coin
2021-03-20,"221,06","230,09","220,13","221,61",1.678.108.184,binance_coin
2021-03-19,"219,52","226,32","215,07","221,03",1.568.194.259,binance_coin
2021-03-18,"225,02","232,43","217,23","219,58",2.052.292.649,binance_coin
2021-03-17,"217,09","226,18","210,06","225,20",1.895.586.979,binance_coin
2021-03-16,"213,35","216,96","203,06","216,85",2.037.924.947,binance_coin
2021-03-15,"220,97","223,60","210,12","213,53",2.086.553.927,binance_coin
2021-03-14,"231,06","231,21","221,45","221,45",1.710.652.546,binance_coin
2021-03-13,"220,52","236,77","214,33","230,99",2.429.277.721,binance_coin
2021-03-12,"242,05","242,08","212,81","220,59",3.313.542.363,binance_coin
2021-03-11,"233,56","261,84","228,87","241,88",3.902.961.816,binance_coin
2021-03-10,"246,64","248,11","226,09","234,27",3.811.166.839,binance_coin
2021-03-09,"202,85","249,33","199,34","246,67",7.292.810.197,binance_coin
2021-03-08,"201,39","203,51","193,30","202,78",4.233.236.506,binance_coin
2021-03-07,"190,22","204,21","189,28","201,39",4.260.814.508,binance_coin
2021-03-06,"189,90","194,78","184,69","190,22",3.767.747.580,binance_coin
2021-03-05,"192,05","192,90","180,85","190,05",4.172.223.665,binance_coin
2021-03-04,"200,10","206,85","188,84","192,15",4.663.026.631,binance_coin
2021-03-03,"198,34","210,11","196,04","200,13",4.837.696.492,binance_coin
2021-03-02,"211,60","219,24","189,21","198,20",4.867.460.707,binance_coin
2021-03-01,"173,65","215,49","173,65","211,33",4.156.677.656,binance_coin
2021-02-28,"186,75","189,01","162,24","173,33",2.588.508.321,binance_coin
2021-02-27,"183,88","196,47","182,32","186,59",2.282.345.475,binance_coin
2021-02-26,"193,51","197,54","173,35","183,63",3.451.888.691,binance_coin
2021-02-25,"209,10","217,61","192,37","192,37",3.339.269.751,binance_coin
2021-02-24,"190,21","230,31","176,47","209,01",5.878.763.538,binance_coin
2021-02-23,"219,80","220,76","156,70","190,10",6.814.860.923,binance_coin
2021-02-22,"242,98","243,70","183,72","219,92",6.482.803.890,binance_coin
2021-02-21,"210,05","253,82","206,75","242,41",7.015.302.083,binance_coin
2021-02-20,"274,72","275,99","188,07","211,21",7.988.385.048,binance_coin
2021-02-19,"162,08","282,78","161,58","274,48",14.839.562.336,binance_coin
2021-02-18,"137,00","165,12","135,64","162,04",5.053.817.125,binance_coin
2021-02-17,"107,61","145,45","105,10","136,71",4.347.019.138,binance_coin
2021-02-16,"106,94","109,67","104,73","107,59",1.593.103.389,binance_coin
2021-02-15,"112,43","114,87","98,71","106,80",1.990.557.740,binance_coin
2021-02-14,"110,12","114,48","106,21","112,56",1.908.001.584,binance_coin
2021-02-13,"112,98","114,25","103,73","110,11",1.746.423.820,binance_coin
2021-02-12,"102,35","115,81","100,42","112,99",2.460.057.488,binance_coin
2021-02-11,"106,70","108,29","98,20","102,58",2.316.252.278,binance_coin
2021-02-10,"88,90","122,06","88,90","107,05",5.776.442.728,binance_coin
2021-02-09,"66,22","95,17","64,96","89,05",3.652.790.827,binance_coin
2021-02-08,"56,87","66,24","56,39","66,24",1.770.247.925,binance_coin
2021-02-07,"60,48","61,92","53,53","56,93",1.239.714.955,binance_coin
2021-02-06,"56,32","62,58","51,63","60,36",1.754.954.889,binance_coin
2021-02-05,"46,81","56,82","46,81","56,31",1.188.166.851,binance_coin
2021-02-04,"43,39","47,71","43,04","46,74",786.325.778,binance_coin
2021-02-03,"42,41","43,75","41,50","43,39",592.956.317,binance_coin
2021-02-02,"42,72","43,95","40,90","42,42",836.349.496,binance_coin
2021-02-01,"36,55","43,22","35,89","42,76",1.041.558.140,binance_coin
2021-01-31,"36,91","37,66","35,78","36,52",422.799.761,binance_coin
2021-01-30,"35,31","37,07","35,16","36,89",439.768.196,binance_coin
2021-01-29,"34,97","36,26","34,64","35,31",536.980.936,binance_coin
2021-01-28,"33,86","35,27","33,50","35,11",433.249.051,binance_coin
2021-01-27,"34,33","34,55","32,91","33,87",429.331.810,binance_coin
2021-01-26,"34,30","34,98","32,91","34,28",449.307.668,binance_coin
2021-01-25,"34,42","35,68","33,47","34,28",417.670.252,binance_coin
2021-01-24,"33,56","34,66","33,27","34,42",370.246.839,binance_coin
2021-01-23,"33,57","34,38","32,52","33,53",384.910.321,binance_coin
2021-01-22,"31,76","34,03","30,38","33,57",460.953.929,binance_coin
2021-01-21,"35,17","35,20","31,60","31,77",511.266.188,binance_coin
2021-01-20,"35,14","35,22","33,26","35,17",564.681.397,binance_coin
2021-01-19,"37,54","38,81","34,59","35,25",618.362.674,binance_coin
2021-01-18,"37,93","38,76","36,59","37,55",485.945.542,binance_coin
2021-01-17,"35,73","38,60","34,02","37,86",551.010.262,binance_coin
2021-01-16,"33,88","36,36","33,72","35,74",500.201.476,binance_coin
2021-01-15,"34,40","34,90","32,32","33,87",465.267.209,binance_coin
2021-01-14,"32,99","34,56","32,60","34,40",439.567.240,binance_coin
2021-01-13,"31,22","33,22","30,43","33,00",445.969.332,binance_coin
2021-01-12,"31,48","32,83","30,59","31,22",464.633.000,binance_coin
2021-01-11,"34,85","34,85","28,91","31,55",732.464.910,binance_coin
2021-01-10,"35,95","36,94","33,21","34,83",575.594.034,binance_coin
2021-01-09,"34,66","36,09","34,02","35,94",482.650.082,binance_coin
2021-01-08,"35,51","35,54","33,06","34,68",532.156.705,binance_coin
2021-01-07,"34,20","36,24","33,68","35,41",676.464.445,binance_coin
2021-01-06,"33,97","34,21","33,04","34,17",519.525.572,binance_coin
2021-01-05,"33,41","33,93","31,76","33,93",523.861.201,binance_coin
2021-01-04,"33,63","35,21","31,02","33,40",659.352.184,binance_coin
2021-01-03,"31,52","33,98","31,16","33,59",618.779.865,binance_coin
2021-04-12,"215,08","217,27","206,22","212,84",4.683.266.560,lite_coin
2021-04-11,"215,88","222,26","207,06","213,21",5.704.846.277,lite_coin
2021-04-10,"186,30","214,84","185,03","214,79",5.618.548.377,lite_coin
2021-04-09,"190,53","192,51","184,95","186,43",2.636.231.322,lite_coin
2021-04-08,"185,18","191,66","183,59","190,51",3.803.721.370,lite_coin
2021-04-07,"200,07","204,80","178,45","184,82",7.337.417.753,lite_coin
2021-04-06,"187,54","206,22","183,73","200,16",7.804.927.348,lite_coin
2021-04-05,"173,40","190,80","170,95","187,08",4.053.167.398,lite_coin
2021-04-04,"167,62","175,37","166,28","173,40",2.436.240.861,lite_coin
2021-04-03,"181,26","185,59","167,65","167,65",3.418.937.129,lite_coin
2021-04-02,"173,24","182,32","172,05","181,32",3.482.365.051,lite_coin
2021-04-01,"168,43","174,61","166,93","173,29",3.287.185.597,lite_coin
2021-03-31,"167,78","170,06","161,48","168,41",2.913.143.647,lite_coin
2021-03-30,"165,25","170,46","162,41","167,77",3.074.797.910,lite_coin
2021-03-29,"156,98","167,77","155,78","165,25",2.849.953.367,lite_coin
2021-03-28,"156,71","159,18","154,05","156,99",1.835.063.005,lite_coin
2021-03-27,"156,24","158,17","151,87","156,71",2.041.712.917,lite_coin
2021-03-26,"146,93","156,31","146,69","156,24",2.636.690.002,lite_coin
2021-03-25,"150,33","151,63","143,74","146,96",2.912.193.375,lite_coin
2021-03-24,"158,22","166,77","148,90","150,39",3.429.572.112,lite_coin
2021-03-23,"156,78","159,29","154,13","158,27",2.573.733.005,lite_coin
2021-03-22,"165,29","166,86","156,38","156,78",2.610.870.133,lite_coin
2021-03-21,"168,09","169,80","161,94","165,29",2.321.462.026,lite_coin
2021-03-20,"168,28","173,02","167,56","168,09",2.117.000.303,lite_coin
2021-03-19,"168,23","172,50","165,28","168,30",2.350.421.640,lite_coin
2021-03-18,"171,94","173,93","167,93","168,26",3.120.868.383,lite_coin
2021-03-17,"168,93","173,27","163,91","171,97",3.640.247.007,lite_coin
2021-03-16,"168,69","171,78","161,14","168,91",4.427.842.097,lite_coin
2021-03-15,"180,10","185,48","166,69","168,75",5.187.083.998,lite_coin
2021-03-14,"189,49","190,60","180,16","180,16",3.797.096.055,lite_coin
2021-03-13,"184,77","191,89","178,71","189,55",5.336.243.333,lite_coin
2021-03-12,"167,99","187,07","166,06","184,74",6.759.342.385,lite_coin
2021-03-11,"168,10","169,53","160,16","167,97",4.025.674.970,lite_coin
2021-03-10,"171,17","174,29","162,11","168,16",5.279.958.000,lite_coin
2021-03-09,"161,96","172,06","159,96","171,17",4.545.926.096,lite_coin
2021-03-08,"159,96","163,24","151,72","161,95",3.713.828.734,lite_coin
2021-03-07,"153,57","160,83","153,09","159,95",2.969.371.651,lite_coin
2021-03-06,"151,71","154,70","147,19","153,56",3.188.627.873,lite_coin
2021-03-05,"151,28","153,66","141,61","151,76",3.828.977.796,lite_coin
2021-03-04,"156,44","161,05","148,14","151,31",4.586.365.908,lite_coin
2021-03-03,"147,27","162,69","146,77","156,50",5.306.228.332,lite_coin
2021-03-02,"145,42","153,37","141,61","147,19",4.342.020.219,lite_coin
2021-03-01,"136,45","146,37","135,61","145,44",3.840.461.932,lite_coin
2021-02-28,"142,56","143,01","128,23","136,41",4.916.984.738,lite_coin
2021-02-27,"141,18","149,05","139,09","142,56",4.134.390.598,lite_coin
2021-02-26,"147,33","149,76","134,56","141,15",6.524.146.271,lite_coin
2021-02-25,"149,05","167,47","144,10","147,15",6.027.352.649,lite_coin
2021-02-24,"145,64","155,48","139,67","149,04",5.920.867.885,lite_coin
2021-02-23,"171,10","171,30","131,41","145,61",9.007.222.524,lite_coin
2021-02-22,"187,40","187,41","150,30","171,08",7.828.789.895,lite_coin
2021-02-21,"187,75","192,39","182,36","187,41",5.719.375.867,lite_coin
2021-02-20,"195,29","202,96","178,77","187,83",6.773.834.852,lite_coin
2021-02-19,"187,65","199,02","182,82","195,31",5.901.087.975,lite_coin
2021-02-18,"196,71","197,74","183,64","187,62",6.524.307.475,lite_coin
2021-02-17,"174,19","196,73","168,91","196,73",11.450.525.970,lite_coin
2021-02-16,"171,12","181,73","166,20","174,18",10.478.347.184,lite_coin
2021-02-15,"176,83","181,05","158,36","171,18",11.113.098.727,lite_coin
2021-02-14,"186,70","189,11","173,34","176,92",10.645.178.322,lite_coin
2021-02-13,"162,73","188,43","159,17","186,65",13.667.359.965,lite_coin
2021-02-12,"152,00","164,53","146,94","162,73",8.943.261.050,lite_coin
2021-02-11,"150,23","158,50","145,73","152,09",7.649.213.035,lite_coin
2021-02-10,"150,20","160,13","142,01","150,32",10.579.320.734,lite_coin
2021-02-09,"138,74","151,55","136,54","150,30",8.382.352.345,lite_coin
2021-02-08,"125,41","139,67","123,08","138,74",7.354.453.132,lite_coin
2021-02-07,"129,20","130,41","120,89","125,44",5.714.273.589,lite_coin
2021-02-06,"128,52","135,64","124,92","129,23",6.908.328.358,lite_coin
2021-02-05,"121,30","130,68","120,63","128,52",6.108.050.516,lite_coin
2021-02-04,"129,27","131,32","118,98","121,30",6.528.297.400,lite_coin
2021-02-03,"118,37","129,49","118,11","129,23",7.131.225.192,lite_coin
2021-02-02,"109,34","121,09","109,34","118,39",6.274.290.470,lite_coin
2021-02-01,"106,89","112,67","104,18","109,34",4.646.372.991,lite_coin
2021-01-31,"109,92","110,98","104,02","106,88",3.744.549.727,lite_coin
2021-01-30,"111,22","111,97","106,21","109,91",5.217.213.283,lite_coin
2021-01-29,"114,03","119,34","109,21","111,23",7.315.132.730,lite_coin
2021-01-28,"101,58","108,91","100,50","107,74",5.576.686.322,lite_coin
2021-01-27,"110,78","110,87","98,47","101,59",5.189.720.687,lite_coin
2021-01-26,"113,18","114,98","105,99","110,78",4.848.243.582,lite_coin
2021-01-25,"116,25","120,86","112,83","113,19",5.225.163.760,lite_coin
2021-01-24,"113,14","117,17","110,46","116,28",4.086.543.016,lite_coin
2021-01-23,"112,72","116,92","110,98","113,15",4.419.588.571,lite_coin
2021-01-22,"106,92","115,94","101,59","112,78",7.024.796.603,lite_coin
2021-01-21,"123,77","123,77","103,76","106,97",7.153.810.133,lite_coin
2021-01-20,"126,33","128,57","114,97","123,76",7.430.677.701,lite_coin
2021-01-19,"126,02","136,94","124,48","126,44",7.673.348.324,lite_coin
2021-01-18,"118,04","128,15","115,00","125,97",5.497.955.709,lite_coin
2021-01-17,"119,40","121,55","113,47","118,04",5.054.361.240,lite_coin
2021-01-16,"119,37","125,88","115,90","119,43",5.947.108.232,lite_coin
2021-01-15,"125,19","127,65","109,29","119,41",6.967.694.616,lite_coin
2021-01-14,"121,18","128,95","118,71","125,16",6.807.305.748,lite_coin
2021-01-13,"108,66","121,64","103,92","121,22",6.924.681.786,lite_coin
2021-01-12,"114,37","120,66","106,06","108,64",9.746.347.354,lite_coin
2021-01-11,"140,39","140,39","94,53","114,51",14.797.060.751,lite_coin
2021-01-10,"145,18","151,97","134,00","140,41",10.481.854.511,lite_coin
2021-01-09,"141,72","146,49","134,28","145,18",9.109.840.837,lite_coin
2021-01-08,"138,27","148,42","123,70","141,74",12.029.134.222,lite_coin
2021-01-07,"137,02","147,40","132,30","138,25",10.676.840.016,lite_coin
2021-01-06,"129,01","138,17","126,51","136,98",8.707.542.333,lite_coin
2021-01-05,"126,42","132,45","120,14","128,95",8.287.852.459,lite_coin
2021-01-04,"130,83","141,24","116,83","126,35",11.148.488.742,lite_coin
2021-01-03,"112,85","133,83","111,86","130,77",12.559.669.165,lite_coin
2021-04-12,"98,22","105,68","97,26","98,13",168.285.504,bitcoin_gold
2021-04-11,"101,93","114,03","99,88","104,46",218.301.949,bitcoin_gold
2021-04-10,"92,97","108,63","88,88","101,86",264.733.921,bitcoin_gold
2021-04-09,"94,98","99,99","85,56","92,70",206.329.817,bitcoin_gold
2021-04-08,"67,72","96,29","61,59","94,99",198.686.583,bitcoin_gold
2021-04-07,"73,70","94,56","61,47","68,46",299.884.171,bitcoin_gold
2021-04-06,"46,35","78,45","45,45","74,05",1.017.044.465,bitcoin_gold
2021-04-05,"37,98","49,16","37,61","46,13",111.524.839,bitcoin_gold
2021-04-04,"35,96","38,40","35,12","37,92",52.567.179,bitcoin_gold
2021-04-03,"36,11","40,88","33,37","35,86",120.962.641,bitcoin_gold
2021-04-02,"35,51","37,14","33,92","36,08",99.795.331,bitcoin_gold
2021-04-01,"35,53","36,66","33,68","35,51",67.802.573,bitcoin_gold
2021-03-31,"32,61","36,36","31,91","35,53",91.401.610,bitcoin_gold
2021-03-30,"31,03","32,71","30,45","32,56",49.331.009,bitcoin_gold
2021-03-29,"29,16","31,03","28,60","31,01",69.417.489,bitcoin_gold
2021-03-28,"29,70","30,05","28,83","29,18",30.188.854,bitcoin_gold
2021-03-27,"29,17","31,25","28,90","29,59",67.512.417,bitcoin_gold
2021-03-26,"27,77","29,17","27,54","29,17",75.083.390,bitcoin_gold
2021-03-25,"28,62","29,86","26,79","27,74",112.019.876,bitcoin_gold
2021-03-24,"30,09","31,51","28,42","28,62",123.727.555,bitcoin_gold
2021-03-23,"26,67","36,15","26,37","30,09",367.303.143,bitcoin_gold
2021-03-22,"25,55","32,74","25,15","26,72",202.441.640,bitcoin_gold
2021-03-21,"26,02","26,55","24,84","25,55",91.489.228,bitcoin_gold
2021-03-20,"26,10","28,67","25,86","25,98",65.995.151,bitcoin_gold
2021-03-19,"26,13","27,13","25,54","26,10",33.892.337,bitcoin_gold
2021-03-18,"26,72","27,36","25,54","26,13",32.665.453,bitcoin_gold
2021-03-17,"25,89","27,06","24,88","26,70",33.904.236,bitcoin_gold
2021-03-16,"25,51","26,15","24,06","25,84",48.318.909,bitcoin_gold
2021-03-15,"27,71","27,90","25,07","25,51",65.798.241,bitcoin_gold
2021-03-14,"30,03","30,18","27,71","27,71",70.648.825,bitcoin_gold
2021-03-13,"27,13","30,53","25,85","30,04",77.297.788,bitcoin_gold
2021-03-12,"28,25","28,27","26,93","27,15",46.398.132,bitcoin_gold
2021-03-11,"28,57","29,02","27,21","28,24",54.619.360,bitcoin_gold
2021-03-10,"26,07","29,40","24,71","28,58",68.985.146,bitcoin_gold
2021-03-09,"24,83","26,20","24,53","26,05",48.733.260,bitcoin_gold
2021-03-08,"24,38","24,97","23,79","24,82",33.795.618,bitcoin_gold
2021-03-07,"23,46","24,78","23,46","24,39",38.736.378,bitcoin_gold
2021-03-06,"23,35","24,02","22,78","23,46",30.260.939,bitcoin_gold
2021-03-05,"23,10","23,79","22,13","23,35",31.376.587,bitcoin_gold
2021-03-04,"23,45","24,39","22,82","23,10",46.687.743,bitcoin_gold
2021-03-03,"22,19","24,84","21,96","23,45",61.479.763,bitcoin_gold
2021-03-02,"22,10","22,96","21,60","22,20",45.431.752,bitcoin_gold
2021-03-01,"19,99","22,28","19,96","22,25",45.143.264,bitcoin_gold
2021-02-28,"21,93","21,95","18,74","19,98",48.780.467,bitcoin_gold
2021-02-27,"21,83","22,78","21,58","21,92",52.970.247,bitcoin_gold
2021-02-26,"21,92","23,42","20,19","21,83",93.787.978,bitcoin_gold
2021-02-25,"23,01","23,84","21,92","21,92",109.599.463,bitcoin_gold
2021-02-24,"22,15","24,99","21,51","23,01",149.836.976,bitcoin_gold
2021-02-23,"27,95","27,95","17,91","22,14",175.443.981,bitcoin_gold
2021-02-22,"26,97","30,41","24,21","27,96",246.936.134,bitcoin_gold
2021-02-21,"21,75","30,76","21,44","26,98",217.221.078,bitcoin_gold
2021-02-20,"23,12","23,33","21,46","21,81",58.057.540,bitcoin_gold
2021-02-19,"22,02","23,59","21,16","23,12",66.798.091,bitcoin_gold
2021-02-18,"22,52","23,12","21,53","22,01",64.748.968,bitcoin_gold
2021-02-17,"22,61","23,38","21,51","22,53",91.698.088,bitcoin_gold
2021-02-16,"23,52","24,12","22,21","22,65",117.909.269,bitcoin_gold
2021-02-15,"21,61","25,35","20,70","23,49",311.889.533,bitcoin_gold
2021-02-14,"14,43","21,69","14,37","21,69",252.171.775,bitcoin_gold
2021-02-13,"12,79","14,79","12,33","14,41",49.009.784,bitcoin_gold
2021-02-12,"12,43","13,03","12,13","12,79",26.372.119,bitcoin_gold
2021-02-11,"11,80","12,64","11,73","12,42",32.351.178,bitcoin_gold
2021-02-10,"11,43","12,22","10,94","11,79",45.377.609,bitcoin_gold
2021-02-09,"10,98","11,69","10,90","11,43",42.885.943,bitcoin_gold
2021-02-08,"9,96","11,04","9,77","10,96",23.199.494,bitcoin_gold
2021-02-07,"10,27","10,35","9,58","9,96",24.150.110,bitcoin_gold
2021-02-06,"9,70","11,03","9,69","10,26",44.286.806,bitcoin_gold
2021-02-05,"9,00","9,79","8,98","9,69",20.593.475,bitcoin_gold
2021-02-04,"9,29","9,44","8,89","9,00",19.408.932,bitcoin_gold
2021-02-03,"9,06","9,30","8,98","9,29",22.627.049,bitcoin_gold
2021-02-02,"8,64","9,10","8,59","9,06",18.356.299,bitcoin_gold
2021-02-01,"8,44","9,02","8,32","8,64",21.531.473,bitcoin_gold
2021-01-31,"8,74","8,74","8,38","8,44",13.190.743,bitcoin_gold
2021-01-30,"8,96","9,13","8,60","8,74",14.663.323,bitcoin_gold
2021-01-29,"8,61","9,92","8,30","8,96",28.274.021,bitcoin_gold
2021-01-28,"8,06","8,37","7,94","8,18",9.508.276,bitcoin_gold
2021-01-27,"8,78","8,78","7,89","8,05",10.942.732,bitcoin_gold
2021-01-26,"8,94","9,01","8,53","8,78",14.306.934,bitcoin_gold
2021-01-25,"9,08","9,39","8,91","8,94",10.335.431,bitcoin_gold
2021-01-24,"8,84","9,17","8,78","9,09",28.389.267,bitcoin_gold
2021-01-23,"8,77","9,12","8,48","8,84",17.587.734,bitcoin_gold
2021-01-22,"8,51","9,03","7,65","8,76",19.014.894,bitcoin_gold
2021-01-21,"10,19","10,19","8,51","8,51",17.463.006,bitcoin_gold
2021-01-20,"10,37","10,48","9,72","10,20",19.694.752,bitcoin_gold
2021-01-19,"10,44","10,86","10,36","10,38",22.192.671,bitcoin_gold
2021-01-18,"10,28","10,62","10,08","10,44",19.695.752,bitcoin_gold
2021-01-17,"10,64","10,64","9,88","10,28",23.973.269,bitcoin_gold
2021-01-16,"10,64","10,88","10,52","10,65",27.399.743,bitcoin_gold
2021-01-15,"11,26","11,36","10,17","10,63",26.665.595,bitcoin_gold
2021-01-14,"11,21","11,52","10,78","11,26",36.538.364,bitcoin_gold
2021-01-13,"10,59","11,30","10,34","11,20",41.214.165,bitcoin_gold
2021-01-12,"10,26","11,45","9,75","10,58",83.580.329,bitcoin_gold
2021-01-11,"11,73","11,77","8,63","10,25",138.855.790,bitcoin_gold
2021-01-10,"10,91","14,55","10,64","11,73",207.182.252,bitcoin_gold
2021-01-09,"9,46","11,20","8,74","10,89",82.480.238,bitcoin_gold
2021-01-08,"8,55","10,00","8,52","9,47",67.108.845,bitcoin_gold
2021-01-07,"7,80","9,15","7,73","8,53",38.865.703,bitcoin_gold
2021-01-06,"7,44","7,84","7,32","7,79",12.464.960,bitcoin_gold
2021-01-05,"7,27","7,63","7,09","7,43",15.556.363,bitcoin_gold
2021-01-04,"7,26","7,90","6,73","7,27",15.538.202,bitcoin_gold
2021-01-03,"7,01","7,36","6,91","7,28",13.172.642,bitcoin_gold
